{"Logistic Regression": 0.9736842105263158, "Random Forest": 0.9649122807017544, "XGBoost": 0.956140350877193, "SVC": 0.9824561403508771, "Voting Ensemble": 0.9736842105263158, "Stacking Ensemble": 0.9649122807017544}